player_id,player_name,poss,ots,otov,oreb,otrans,dts,dtov,dreb,dtrans,net_rapm_full,net_rapm_reconstructed,residual
1628280,Brionna Jones,1963,0.002675294643267989,-0.005116367246955633,0.004831526428461075,0.008014055900275707,0.0062886192463338375,0.00018225998792331666,0.009611287154257298,0.004998668096959591,3.951,2.3421202650970625,1.6088797349029376
203014,Nneka Ogwumike,2177,0.008574516512453556,-0.005802310537546873,-0.004459146875888109,0.012902575545012951,0.01135084219276905,-0.000754682463593781,-0.007783825509250164,0.004364076070487499,3.819,2.535320551882438,1.283679448117562
1629524,Bridget Carleton,2511,0.008767464198172092,-0.00013904580555390567,0.004463222809135914,0.01335076056420803,0.006021370645612478,0.0066653951071202755,-0.004607375245541334,0.0013501389184966683,3.092,2.5586069603661503,0.5333930396338498
1627668,Breanna Stewart,2380,0.008862771093845367,-0.0020092895720154047,-0.00016409183444920927,0.01806613802909851,0.00820764247328043,-0.0014997150283306837,0.0032483635004609823,0.003212271723896265,3.063,2.6047469451425296,0.4582530548574706
203825,Kayla McBride,2697,0.011510971933603287,-0.004919379949569702,-0.004211619962006807,0.013075243681669235,0.0017882896354421973,0.008057369850575924,-0.010283131152391434,-0.0026605825405567884,2.666,2.2535369710441557,0.4124630289558442
1641657,Dorka Juhasz,1560,0.004557404201477766,0.00011427480785641819,0.0026168529875576496,-0.008847913704812527,0.0075265332125127316,0.004450625274330378,-0.0008357319748029113,0.0068405247293412685,2.346,1.835544108158295,0.510455891841705
203398,Brittney Griner,1637,0.006797948386520147,-0.003119779285043478,-0.013349293731153011,0.0018140696920454502,0.007525765802711248,-0.002510152291506529,-0.00863421056419611,-0.003777656937018037,2.252,1.0127159120199996,1.2392840879800002
1630142,Leonie Fiebich,1494,-0.0011105492012575269,-0.0029134792275726795,0.007267938461154699,-0.0002804594987537712,0.01052431482821703,0.0017392662120983005,-0.0056932782754302025,0.01318538747727871,2.232,1.415357174474174,0.8166428255258262
1629497,Marina Mabrey,2440,-0.003212559735402465,-0.0039049084298312664,0.0007856024312786758,0.011073734611272812,0.009985296055674553,0.008610367774963379,-0.0041643898002803326,0.010271599516272545,2.118,1.661725926026176,0.4562740739738238
1642290,Aaliyah Edwards,1872,0.004416191019117832,0.0015859713312238455,0.003478344064205885,-0.0029107427690178156,-7.747689232928678e-05,0.009653028100728989,0.00364171015098691,0.006336676888167858,1.852,1.408996248478175,0.44300375152182503
1629483,Napheesa Collier,2519,0.008784129284322262,-0.002900141291320324,-0.002990806009620428,0.00241750362329185,0.005877309013158083,0.004830843303352594,-0.005537118297070265,0.0031145100947469473,1.843,2.1343212016925293,-0.2913212016925293
100940,Diana Taurasi,2289,0.0029712803661823273,0.00469229044392705,-0.006291952915489674,-0.00104163633659482,0.009925292804837227,0.0004912937874905765,-0.0033605005592107773,-0.0033443535212427378,1.841,0.9640684409313199,0.87693155906868
204296,Rebecca Allen,743,0.007537921890616417,-0.0009596988093107939,0.001528480090200901,0.004632703028619289,0.0013125776313245296,0.0036098300479352474,-0.0014175777323544025,-0.0038746001664549112,1.782,1.621076610360407,0.16092338963959296
1631021,Sika Kone,501,0.005551047157496214,0.003407007548958063,-0.0005376921617425978,0.003009149804711342,0.003766946028918028,0.0029722347389906645,-0.0015417340910062194,-0.001042301650159061,1.728,1.1139371535762244,0.6140628464237756
202252,Alysha Clark,2107,0.001108136959373951,-0.0031258787494152784,-0.005176518578082323,-8.716546290088445e-05,0.010147685185074806,-0.0014201622689142823,0.008909719064831734,0.011909924447536469,1.711,1.717119498941659,-0.006119498941658863
1631086,Lexie Hull,1414,0.006974606309086084,-0.0018250298453494906,0.0032514468766748905,0.0020969859324395657,0.002053770236670971,-0.004330664873123169,-0.0011265394277870655,0.0017083428101614118,1.616,1.0417438486549937,0.5742561513450064
1627673,Jonquel Jones,1851,0.013589943759143353,0.0015557234873995185,0.00575130432844162,0.015368209220468998,-0.0005494625074788928,-0.0056878430768847466,0.00668625021353364,-0.0008576508844271302,1.574,1.8709247802198883,-0.2969247802198882
1628276,Kelsey Plum,2811,0.007874649949371815,-0.005886991508305073,-0.009977252222597599,0.004561757668852806,-4.080268627149053e-05,0.0003722165711224079,0.00827758014202118,0.006086191162467003,1.56,1.5078594882234517,0.052140511776548326
1629477,Sabrina Ionescu,2504,0.008587178774178028,-0.0025192098692059517,0.0002199986920459196,0.013142413459718227,0.004805773496627808,-0.004497630521655083,0.006822646129876375,0.003564400365576148,1.524,2.056597606193336,-0.532597606193336
202250,Tina Charles,1928,-0.0015468341298401356,-0.0048172613605856895,-0.0015776357613503933,0.009473978541791439,0.002381332218647003,0.0029473393224179745,0.005590076558291912,8.852194150676951e-05,1.354,1.0368505524357396,0.31714944756426044
1630149,Satou Sabally,671,0.0016341578448191285,0.000618028047028929,0.008911345154047012,0.004975309129804373,-0.0046258363872766495,-0.0015751351602375507,0.010044085793197155,-0.004029515665024519,1.343,0.3828729734200476,0.9601270265799524
1628317,Karlie Samuelson,1550,0.0037272581830620766,0.0010432673152536154,-0.008503220975399017,-0.004830062855035067,0.0051449965685606,0.0059061856009066105,-0.004799375776201487,-0.0004185445432085544,1.335,0.905962450878196,0.4290375491218039
1627675,Courtney Williams,2194,0.004670542664825916,-0.002714527305215597,-0.0035553264897316694,0.0064124446362257,0.008486141450703144,0.013635370880365372,-0.004429302643984556,-0.0024281456135213375,1.307,2.808301867442428,-1.5013018674424279
1631007,Veronica Burton,870,0.007973245345056057,0.00012901562149636447,-0.00294687831774354,0.004975302144885063,0.0022285536397248507,0.005490156356245279,-0.0057329414412379265,0.007783799432218075,1.282,1.2538268352155488,0.0281731647844512
1631009,Rhyne Howard,1752,-0.00041771584074012935,-0.006562088616192341,-0.004304199945181608,-0.0032001680228859186,0.00797250960022211,-0.0013365073828026652,0.0006497040740214288,0.001357117434963584,1.207,1.2423696534463131,-0.03536965344631304
1628932,A'ja Wilson,3200,0.005719941575080156,-0.0061280508525669575,-0.011805509217083454,0.005503394175320864,0.0012553076958283782,-0.0016320891445502639,0.009536026045680046,0.007824171334505081,1.194,1.2215553745662717,-0.027555374566271773
1629480,Kalani Brown,595,0.003314405679702759,0.003915752749890089,0.004198830109089613,-0.0009465467883273959,0.002385788131505251,-0.0012628049589693546,-0.0019627592992037535,1.4536504750140011e-05,1.166,0.35378074165172907,0.8122192583482708
1630150,Chennedy Carter,1902,-0.0030499270651489496,-0.008540784008800983,0.0002878411905840039,0.0054616862908005714,0.003942609298974276,-0.002827730495482683,0.0035921523813158274,0.0047295293770730495,1.106,0.7471173888671775,0.3588826111328226
203827,Natasha Howard,1229,0.007680850103497505,-0.0013021501945331693,0.00929060485213995,0.009486546739935875,-0.006780518684536219,-0.002561882371082902,0.0009404068114235997,-0.0014852926833555102,1.031,0.5026631915338079,0.528336808466192
203866,Kayla Thornton,1651,-0.002438258146867156,-0.003426879644393921,0.0021717373747378588,0.003108409233391285,0.0067618670873343945,0.0010320472065359354,0.002092907438054681,0.0051948558539152145,0.91,1.0732368773317214,-0.16323687733172132
1641652,Maddy Siegrist,1187,-0.0005418660584837198,0.0016640614485368133,0.0006173418369144201,-0.006980901584029198,0.0013633668422698975,0.0012178638717159629,-0.002072014147415757,-0.002027510665357113,0.862,-0.09144738749969693,0.9534473874996969
1627701,Temi Fagbenle,901,-0.00035346284857951105,0.0016100022476166487,0.008466340601444244,-0.005152660422027111,0.0010142183164134622,-0.0011435196502134204,-0.009196646511554718,0.00014457125507760793,0.849,-0.38132648183474743,1.2303264818347475
204335,Betnijah Laney-Hamilton,1667,0.010335426777601242,-0.0006467573111876845,-0.0021190252155065536,0.013594191521406174,-0.001704893889836967,-0.003200115403160453,0.0017944847932085395,0.0007621538243256509,0.81,1.0199063603074185,-0.2099063603074185
1631135,Olivia Nelson-Ododa,1117,0.0015055252006277442,0.0010893048020079732,0.0034057507291436195,0.001995315309613943,-0.0009366636513732374,0.0032447753474116325,-0.006502584554255009,-0.00050875055603683,0.777,0.012226625953015255,0.7647733740469848
203026,Tiffany Hayes,1828,-0.002688005566596985,-0.002320521278306842,0.00019055457960348576,0.0008780104108154774,0.00386175443418324,0.001607055077329278,0.00646358635276556,0.012754194438457489,0.759,0.6017373693116469,0.1572626306883531
1631044,Naz Hillmon,1811,-0.004891595337539911,-0.002627988113090396,0.0006904522306285799,-0.0008022310794331133,0.004111998714506626,0.0022238167002797127,0.0001891247957246378,0.0008661951287649572,0.699,0.27661815551867214,0.4223818444813278
1631055,Nyara Sabally,771,-0.004278767853975296,-0.00013551567099057138,0.0035010548308491707,0.0001879978080978617,0.002118424279615283,0.00471930205821991,-0.00013861512707080692,0.004518491681665182,0.694,0.12666107285594047,0.5673389271440594
1629484,Megan Gustafson,1189,0.00516068609431386,-0.003546193242073059,0.0034007341600954533,0.0057401107624173164,-0.007076536305248737,0.0003164916124660522,0.007984713651239872,0.0002272019919473678,0.682,0.6210511000489196,0.06094889995108044
203833,Chelsea Gray,1470,0.006516445893794298,-0.00544343888759613,-0.011124392971396446,0.003459934378042817,0.005091638769954443,-0.002478715032339096,0.002598578343167901,0.0018396106315776706,0.652,1.4644478215452514,-0.8124478215452514
1642291,Angel Reese,2145,-0.0029666172340512276,0.0009058379218913615,0.01605137810111046,0.011205931194126606,0.0011958973482251167,-0.002501607872545719,0.0026620153803378344,-0.005579198710620403,0.527,0.4419287093194984,0.08507129068050162
1628277,Allisha Gray,2534,-0.00554736889898777,-0.003514220705255866,0.0006954945274628699,-0.0007511756266467273,0.0023179950658231974,-0.0014037663349881768,0.005265704356133938,0.0013860531616955996,0.479,-0.014243767463485227,0.4932437674634852
1629498,Jackie Young,2577,0.0076906741596758366,-0.0028763737063854933,-0.01148915383964777,0.002828286262229085,-0.0028991438448429108,-0.0013821292668581009,0.007813016884028912,0.0018953062826767564,0.46,0.654821313019562,-0.19482131301956201
1628909,Kelsey Mitchell,2660,0.006988099776208401,-0.0004547320422716439,-0.0017869006842374802,0.0043373554944992065,-0.007259848993271589,-0.0070819975808262825,0.008907189592719078,-0.009191702120006084,0.442,-0.049436573068442694,0.4914365730684427
1627676,Tiffany Mitchell,882,-0.0018312341999262571,-0.0031576408073306084,-0.0008916956139728427,0.013469807803630829,0.001967812655493617,0.0015071515226736665,-0.0045417919754981995,-0.00039488141192123294,0.438,0.20187067050346236,0.23612932949653764
1631022,Shakira Austin,571,-0.001020942465402186,0.0011461999965831637,-0.001770844217389822,-0.0013331494992598891,0.009170791134238243,0.0009770618053153157,0.001368766650557518,0.011518014594912529,0.407,0.8570485923733029,-0.4500485923733029
1630462,Aari McDonald,1352,0.0010365858906880021,-0.0008228975348174572,-0.0030593774281442165,-0.0026558591052889824,0.0007774726836942136,-0.00046572161954827607,-0.004147592931985855,0.004264522809535265,0.397,-0.22153771568517105,0.618537715685171
204319,Jewell Loyd,2764,-0.0024393778294324875,0.00015130099200177938,-0.003131777048110962,0.002098306780681014,0.006197871174663305,0.0028627768624573946,-0.005296668037772179,0.006639745086431503,0.304,0.1834160947596124,0.12058390524038759
1628882,Lexie Brown,967,0.0006570668774656951,0.0008229326922446489,0.0008539530681446195,0.004446135368198156,0.0015424271114170551,-0.0017616249388083816,-0.0003296092909295112,-0.0002140639116987586,0.302,0.09669371006289194,0.20530628993710803
1631032,Lorela Cubaj,695,0.004299541935324669,-0.0009921443415805697,-0.0002670211251825094,-0.008141247555613518,-3.9733607991365716e-05,-0.001980394357815385,-0.002427139552310109,-0.0014289651298895478,0.29,0.2562111453498898,0.03378885465011017
1628263,Lindsay Allen,1972,-0.002236120868474245,3.312006083433516e-05,0.009894984774291515,0.00350034236907959,0.004390159156173468,-0.0070766606368124485,0.0004018010222353041,-0.005821722559630871,0.202,0.23457394716583485,-0.03257394716583484
1628927,Victoria Vivians,1092,-0.00033230907865799963,-0.004840827081352472,0.008102809078991413,-0.006927858106791973,0.001886859186924994,-0.0012877247063443065,0.0019007219234481454,0.010574433021247387,0.201,0.6766319913858082,-0.4756319913858082
1631141,Jade Melbourne,1471,0.004722881596535444,0.0055960179306566715,0.0022331969812512398,-0.0051924386061728,0.0004221532726660371,0.007599504664540291,-0.005791630130261183,0.0058433073572814465,0.196,0.4331959420369828,-0.2371959420369828
1641654,Stephanie Soares,454,0.00358365080319345,0.0007487857365049422,0.002202010015025735,-0.0008716115262359381,0.003063336480408907,0.00024403262068517506,-0.004895281977951527,-0.0011342999059706926,0.184,0.6512927163659568,-0.46729271636595676
1629478,Katie Lou Samuelson,1760,0.001452688709832728,0.0028892490081489086,0.005206037312746048,0.0016513047739863396,-0.0011451254831627011,-0.003317431313917041,0.0027933327946811914,-0.008517170324921608,0.168,-0.001772944055603895,0.1697729440556039
1629496,Ezi Magbegor,2196,0.0013351886300370097,-0.0020972213242202997,-0.0006582892965525389,0.0036427131853997707,0.004879091400653124,-0.0011355975875630975,-0.003142843721434474,-0.005831372458487749,0.163,0.8175203979334207,-0.6545203979334207
1628278,Shatori Walker-Kimbrough,2207,0.004294898826628923,0.009316069073975086,-0.00668248301371932,-0.012088185176253319,0.0026171773206442595,0.0034404690377414227,0.0017666338244453073,0.005373353138566017,0.137,0.00622531819589027,0.13077468180410973
203826,Alyssa Thomas,2796,0.0018830016488209367,-0.002533906837925315,0.0019869403913617134,0.008834395557641983,0.000966356135904789,0.005511886905878782,0.0032814310397952795,0.004754063207656145,0.129,1.2646797169693618,-1.1356797169693618
1630442,Natasha Mack,1311,-0.0019691730849444866,0.004205343313515186,0.006550120655447245,-0.008284954354166985,0.0038955819327384233,9.85868027782999e-05,-0.004539445508271456,-0.00598364882171154,0.129,-0.07185664264461002,0.20085664264461
203824,Odyssey Sims,1582,0.001376603962853551,0.003904470708221197,-0.0024927447084337473,-0.0039153979159891605,-0.006244419142603874,0.0035166076850146055,-0.00035062554525211453,-0.009580869227647781,0.12,-0.7681607495431574,0.8881607495431574
1631019,NaLyssa Smith,2049,0.002476760884746909,-0.001056622713804245,-0.005660237278789282,0.004704626277089119,-0.001784824300557375,-0.006069050170481205,0.006155073642730713,-0.006279897876083851,0.115,-0.1288541673135531,0.24385416731355308
204365,Erica Wheeler,1366,-0.00256935553625226,4.922018342767842e-05,0.005828412715345621,0.0005471932818181813,0.007095707580447197,-0.0035849923733621836,-0.003228063229471445,0.004344096407294273,0.107,0.28422967459792675,-0.17722967459792677
1630471,Maya Caldwell,943,0.0034310827031731606,0.005585059989243746,0.003869385691359639,-0.0027674406301230192,-0.001388366217724979,-0.0042152428068220615,0.008370628580451012,-0.01100912969559431,0.075,0.1816646613399729,-0.10666466133997289
1642324,Kate Martin,930,0.0036976083647459745,-0.0034085880033671856,-0.002430957043543458,0.003198887687176466,-0.0017445879057049751,-0.0005520901177078485,0.006024152040481567,0.0024508400820195675,0.045,0.6646339214973647,-0.6196339214973646
203400,Skylar Diggins,2184,-0.0016982483211904764,-0.0037909650709480047,0.00145980145316571,0.005241351667791605,0.0031202540267258883,0.001147504081018269,-0.0007054178859107196,0.007511066738516092,-0.013,0.5080746055396644,-0.5210746055396644
1629568,Kennedy Burke,817,-0.0071669770404696465,-0.0003618722257670015,-6.136739830253646e-05,-0.002864522859454155,0.011130460537970066,0.003728667739778757,-0.006240568123757839,0.007312973961234093,-0.028,0.36225100673069316,-0.3902510067306932
1629479,Teaira McCowan,1966,-0.002961082849651575,-0.00011960500705754384,0.0011208888608962297,0.002847070572897792,-0.00858683604747057,0.0009539556922391057,0.002159027848392725,-0.006403121631592512,-0.068,-1.2544701818065915,1.1864701818065915
1631083,Emily Engstler,1108,0.0009188894182443619,0.00409958278760314,-0.006556523032486439,-0.004627996124327183,-0.0017910153837874532,0.0005172581877559423,0.0005953554064035416,0.0033517975825816393,-0.091,-0.8189498849929041,0.7279498849929041
1630996,Rae Burrell,1436,-0.00036623154301196337,-0.0004792082472704351,0.005000721663236618,-0.005402260459959507,-0.006313884165138006,0.00011298790923319757,0.004595814738422632,-0.00878417119383812,-0.162,-0.36322604815898196,0.20122604815898196
1630096,DiJonai Carrington,2592,0.0006938378792256117,0.0018652861472219229,0.008396615274250507,0.0019783570896834135,-0.002434983616694808,0.005407231394201517,0.003942170646041632,0.0046784239821136,-0.165,0.5004352841470322,-0.6654352841470322
201886,DeWanna Bonner,2485,-0.00500042038038373,-0.002261010929942131,0.0007888043182902038,0.005769149400293827,-0.002511478727683425,0.004144712351262569,0.0044903140515089035,-0.0004976877826265991,-0.236,-0.20797306624477396,-0.028026933755226024
1641661,Lou Lopez Senechal,346,0.00014556011592503637,-0.002162323100492358,0.0026413453742861748,0.0021156747825443745,0.00014352897414937615,0.0009318420779891312,-0.003669927129521966,0.0008066552109085023,-0.29,0.16372150852710265,-0.45372150852710263
202664,Courtney Vandersloot,1315,0.0018223293591290712,0.0023750311229377985,-0.0031605158001184464,0.009715324267745018,0.004279115237295628,0.0010024377843365073,0.001712859608232975,1.118712953029899e-05,-0.294,0.71274298395369,-1.0067429839536899
204323,Cheyenne Parker-Tyus,1077,-0.00015486041957046837,0.007895411923527718,0.004020271357148886,-0.004331661853939295,0.003477428574115038,-0.003206973895430565,0.0037751297932118177,2.2480153347714804e-05,-0.305,-0.18623565061823377,-0.11876434938176622
203024,Damiris Dantas,406,0.0005362578667700291,0.00035937357461079955,-0.006199556402862072,-0.0030963656026870012,-0.0006688813446089625,-0.0006874395767226815,0.004996599163860083,0.005523242987692356,-0.308,-0.26602331275070584,-0.04197668724929415
203855,Stephanie Talbot,1321,0.008595110848546028,0.0046353647485375404,0.003901638789102435,-0.0009202752262353897,-0.00736708240583539,0.0017119604162871838,-0.001374035025946796,-0.002704213373363018,-0.331,-0.0296695487462338,-0.30133045125376623
1627671,Rachel Banham,1400,-0.00401628203690052,-0.006321392022073269,0.00798979215323925,0.005360851064324379,-0.003862755373120308,-0.004573062527924776,-0.0006824199808761477,-0.010415819473564625,-0.351,-0.4505104369974859,0.09951043699748591
1642298,Celeste Taylor,647,0.003018544754013419,0.00036343367537483573,-0.0014377558836713433,-0.0027921153232455254,0.005299391224980354,-0.003415329148992896,-0.004459173418581486,0.003072412684559822,-0.352,0.39934217515831744,-0.7513421751583174
1641648,Aliyah Boston,2562,0.002637243829667568,0.001038920134305954,0.004838123917579651,0.0033524050377309322,-0.0034482728224247694,-0.007174399681389332,-0.00126859568990767,-0.010110463947057724,-0.36,-0.5152443569387889,0.1552443569387889
202641,Sydney Colson,532,-4.354596967459656e-05,-0.002504864241927862,0.0010054149897769094,-0.003336247056722641,-0.00038123279227875173,0.0032893286552280188,0.00373746152035892,-0.0014457466313615441,-0.38,0.6130441474720938,-0.9930441474720938
1629482,Sophie Cunningham,2062,-0.0009360274416394532,-0.0006226239493116736,-0.003226735396310687,-0.008825767785310745,-0.001497594639658928,-0.0021938043646514416,-0.008920185267925262,-0.005166623275727034,-0.392,-1.1260873396657924,0.7340873396657924
1628279,Brittney Sykes,996,-0.0029617641121149063,0.0011262643383815885,-0.006340273655951023,-0.002985151018947363,0.004167078994214535,0.003003237070515752,0.0034113842993974686,0.00042695397860370576,-0.406,0.15975302090978288,-0.565753020909783
204329,Kiah Stokes,1298,-0.0005046770093031228,-0.006142373196780682,-0.01065718475729227,-0.0010464651277288795,0.0026140830013900995,-0.0048751444555819035,0.00015133242413867265,0.0002156729606213048,-0.436,-0.09307529666980303,-0.342924703330197
1628886,Jordin Canada,1076,-0.0017161003779619932,-0.002560683526098728,-0.003238024888560176,-0.0027386636938899755,-0.00041075359331443906,-0.0008937868988141418,0.0056402552872896194,-0.005448050796985626,-0.458,0.04025641684905472,-0.49825641684905475
1629574,Li Yueru,1425,0.00015302897372748703,0.0029000802896916866,0.01637902483344078,0.0016059130430221558,-0.0071736727841198444,-0.007725272327661514,-0.0034141826909035444,-0.004127612337470055,-0.486,-1.3147528101103179,0.8287528101103179
203828,Stefanie Dolson,2044,0.0008581488509662449,0.006864721421152353,-0.009135482832789421,-0.009592869319021702,-0.005509318318217993,0.002364416839554906,0.0007941997027955949,-0.005328385625034571,-0.576,-1.4198261127345342,0.8438261127345342
204322,Elizabeth Williams,528,-0.0030422585550695658,0.0012312124017626047,0.0061921533197164536,0.002897930331528187,-9.599909390090033e-05,0.007301828823983669,-0.0011898226803168654,0.003949732519686222,-0.592,0.1739125333753786,-0.7659125333753786
1642244,Sevgi Uzun,1441,-0.0003621807263698429,0.0020947828888893127,0.002649093046784401,-0.006387988105416298,0.002942378632724285,0.0002701025805436075,0.0006199022755026817,-0.0016357939457520843,-0.637,0.26787944725557267,-0.9048794472555727
1627672,Aerial Powers,649,-0.0015284901019185781,-0.0011641797609627247,0.003639330854639411,-0.0018643442308530211,-0.0009786752052605152,0.0008625370101071894,-0.0019258098909631371,0.0015712237218394876,-0.672,-0.21862936190955817,-0.45337063809044187
1627674,Kahleah Copper,2282,-0.0021751676686108112,0.0029768692329525948,-0.006137313786894083,-0.007305560167878866,0.0022007692605257034,-0.0050008478574454784,0.00041762806358747184,-0.01139803510159254,-0.723,-0.8145719299248677,0.09157192992486773
1628920,Mercedes Russell,1380,-0.010256839916110039,0.003087777877226472,-0.004209273960441351,-0.00817645899951458,-0.0005872862529940903,0.0019417060539126396,0.010103637352585793,0.009008360095322132,-0.808,-1.4724475258330483,0.6644475258330482
1628878,Ariel Atkins,2706,-0.001551268040202558,0.0007897054892964661,-0.005163643509149551,-0.01310588326305151,-0.014222237281501293,0.003778737038373947,0.006755061447620392,-0.007833427749574184,-0.833,-1.8166315897482186,0.9836315897482186
1628929,Kristy Wallace,968,-0.0017403548117727041,-0.0013815808342769742,-0.0028814307879656553,0.0017823891248553991,-0.00010074517922475934,-0.00045600460725836456,-0.003717950312420726,-0.0006296525243669748,-0.862,-0.5200447655305023,-0.3419552344694977
1630101,Crystal Dangerfield,1136,-3.6333462048787624e-05,0.0018840547418221831,0.0036536715924739838,-0.0027247450780123472,-0.002635285258293152,-0.003797713201493025,-0.003192296950146556,0.004687801469117403,-0.958,-1.0137265193383385,0.0557265193383385
1630446,Michaela Onyenwere,1171,-0.0038050110451877117,-0.00032903903047554195,-0.008179557509720325,-0.006412090267986059,0.0027936147525906563,-0.002952130977064371,-0.001388872624374926,-0.005299048498272896,-1.014,-0.7839769018431167,-0.23002309815688327
1629501,Alanna Smith,2128,-4.776161222252995e-05,0.0029301068279892206,-0.0035156721714884043,0.007825653068721294,-0.002053147181868553,0.00036041883868165314,0.0012954133562743664,-0.00022909665131010115,-1.029,-0.5655500275954168,-0.4634499724045831
1630459,DiDi Richards,544,-0.0002566715411376208,0.0018121568718925118,-0.0011134519008919597,0.000557019782718271,-0.00556481396779418,-0.0027582282200455666,0.002020186046138406,0.002307855524122715,-1.035,-1.2054298703658723,0.17042987036587243
1628244,Sami Whitcomb,1516,-0.0029656589031219482,-0.0020450185984373093,0.002922407351434231,-0.007509659975767136,-0.002511736238375306,0.0025948958937078714,0.002093742834404111,-0.0005804076208733022,-1.07,-0.2329065708705208,-0.8370934291294793
1629488,Brianna Turner,675,-0.009237278252840042,-0.0021585365757346153,-0.0010797538561746478,-0.0003689867735374719,0.0010366460774093866,0.0022481833584606647,-0.003937661647796631,0.0008561788126826286,-1.078,-1.0706772970351572,-0.007322702964842831
1628915,Kia Nurse,1825,-0.005447085946798325,0.0029039676301181316,-0.00426320219412446,0.0012906320625916123,-0.002116636373102665,-0.0004120958910789341,-0.0041798376478254795,0.005246744025498629,-1.111,-1.845513092296757,0.7345130922967571
1642289,Kamilla Cardoso,1798,-0.009442652575671673,4.2650186514947563e-05,0.013966100290417671,-0.004756894428282976,0.00022262531274463981,-0.009918121621012688,-0.00025781692238524556,-0.004672725219279528,-1.122,-1.507573430855106,0.385573430855106
1628922,Azurá Stevens,1042,-0.005669084377586842,0.0002903748245444149,-0.00182874477468431,0.0024071040097624063,-0.004883794113993645,0.0007832830888219178,0.007436131127178669,-0.012985492125153542,-1.187,-0.8893394464878709,-0.29766055351212917
1641651,Jordan Horston,1727,-0.0023258121218532324,0.005004424601793289,0.001627622521482408,0.0014651232631877065,-0.0019852921832352877,0.00029367287061177194,-0.008939837105572224,-0.004259848035871983,-1.189,-1.3754853522396846,0.18648535223968454
1641650,Haley Jones,1522,-6.025124457664788e-05,0.005081595852971077,-0.00176808366086334,-0.009749780409038067,0.0008618095307610929,-0.0029169144108891487,0.0083660539239645,-0.002522603841498494,-1.232,-0.27147247125995694,-0.960527528740043
1628508,Cecilia Zandalasini,1202,-0.0075309681706130505,-0.0016698921099305153,-0.003790096379816532,-0.015921469777822495,-0.003564166370779276,0.0018518094439059496,0.0031636322382837534,0.013120538555085659,-1.29,-1.615929047809077,0.32592904780907705
1628881,Monique Billings,1871,-0.002494133310392499,0.007774414028972387,0.011491644196212292,-0.010318629443645477,-0.0026834476739168167,5.104546289658174e-05,-0.008330902084708214,-0.0037916868459433317,-1.308,-1.4105895199799354,0.10258951997993537
204330,Isabelle Harrison,1264,-0.0011397305643185973,0.0007807703805156052,-0.00876152329146862,0.0035983631387352943,-0.004497602581977844,-0.0029828050173819065,0.0010238243266940117,-0.0018426493043079972,-1.322,-1.38989861250842,0.06789861250842
1630114,Mikiah Herbert Harrigan,947,-0.0019996592309325933,-0.004244270734488964,-0.00470822723582387,-0.01181398518383503,0.0011614675167948008,-0.003872999455779791,-0.00911744125187397,-0.0009308760054409504,-1.449,-0.9040917794077427,-0.5449082205922574
1627669,Moriah Jefferson,619,-0.005083710886538029,0.001976464642211795,0.002795538865029812,-0.0020755406003445387,-0.0004153437039349228,0.003945933189243078,-0.0025180941447615623,0.003430177690461278,-1.463,-0.7358123745632272,-0.7271876254367728
1641649,Diamond Miller,546,-0.006380320526659489,0.00042550236685201526,-0.006572395097464323,-0.0025838983710855246,0.002756895264610648,-0.0008350836578756571,0.002464184071868658,0.004474393092095852,-1.514,-0.8796339209993734,-0.6343660790006266
1628899,Myisha Hines-Allen,2045,-0.006189908366650343,-0.00040187372360378504,-0.0013690515188500285,-0.016856124624609947,-0.009906482882797718,-0.0004346516798250377,0.004084818065166473,-0.006689524743705988,-1.589,-2.131520574010834,0.5425205740108341
1642293,Alissa Pili,320,-0.003328480524942279,-2.838771433744114e-05,-0.0034631392918527126,-0.003410381730645895,-0.0009839717531576753,0.00024047399347182363,0.00022097595501691103,0.0003379053086973727,-1.6,-0.785760580617082,-0.8142394193829181
1628931,Gabby Williams,682,-0.006598284468054771,-0.005449533928185701,-0.002576809609308839,0.0017315123695880175,-0.009122920222580433,0.00034513711580075324,0.0035674190148711205,-0.00032460057991556823,-1.606,-1.6105618892914642,0.004561889291464061
1642292,Jacy Sheldon,1463,0.001913430285640061,0.0008819337817840278,0.004287559539079666,0.0045411973260343075,-0.012534581124782562,-0.000772631261497736,-0.0002860022650565952,-0.003172825323417783,-1.611,-1.4046835533133644,-0.20631644668663562
1642288,Rickea Jackson,2583,-0.013138371519744396,-0.00021741526143159717,-0.006948570255190134,-0.010365146212279797,-0.004204973578453064,0.002005422953516245,0.0012749971356242895,-0.002037900499999523,-1.658,-2.509934679491747,0.8519346794917473
1630112,Tyasha Harris,1969,-0.014766108244657516,0.0010781625751405954,0.00232011079788208,-0.0002855577040463686,-0.0024564804043620825,-0.0036919948179274797,0.009958390146493912,-0.006342895328998566,-1.695,-2.042674950998752,0.347674950998752
204324,Dearica Hamby,2926,-0.008323624730110168,0.002253515413030982,-0.014714755117893219,-0.004449665546417236,-0.00959058664739132,0.001265051425434649,-0.0010950765572488308,-0.004422891419380903,-1.701,-3.236701776977599,1.5357017769775991
204333,Natasha Cloud,2847,0.003806231077760458,0.004048765636980534,-0.0062308842316269875,-0.005237892735749483,-0.0031270887702703476,-0.0025707674212753773,-0.0083658741787076,-0.011629700660705566,-1.832,-1.0922119293951664,-0.7397880706048336
1642210,Julie Vanloo,2006,-0.00017376856703776866,0.0003299125819467008,-0.010740404948592186,-0.005345516372472048,-0.01090668048709631,0.006275586783885956,0.0016449136892333627,3.207373811164871e-05,-1.841,-1.5049139699933374,-0.3360860300066626
1630389,Dana Evans,1552,-0.006961488630622625,0.006136039737612009,0.006456017028540373,0.005525378510355949,-0.0061227306723594666,0.00044556090142577887,0.0001580412354087457,0.001876678317785263,-1.878,-2.025924800387021,0.14792480038702105
1630134,Sug Sutton,817,-0.0021280713845044374,-0.0026507722213864326,-0.0009432763908989727,-0.001961743924766779,-0.004342911299318075,-0.0016373902326449752,-0.004760432057082653,-0.005361721385270357,-1.95,-1.0773569987413367,-0.8726430012586632
1629567,Natisha Hiedeman,1679,-0.001299373572692275,0.0014405302936211228,-0.000459415401564911,-0.007820808328688145,-0.0016162954270839691,-0.005244097672402859,0.0010776976123452187,0.012890447862446308,-1.961,-1.246942515945585,-0.7140574840544152
1642287,Cameron Brink,823,-0.0038898566272109747,0.003243936924263835,0.002662414452061057,-0.002856149338185787,0.003131401026621461,-0.002351220231503248,-0.002637414960190654,-0.0004515621985774487,-1.981,-0.6625423324127647,-1.3184576675872353
1642286,Caitlin Clark,2803,0.0037526411470025778,0.00011610448564169928,-0.002384971594437957,0.0044376724399626255,-0.003921076189726591,-0.004331831354647875,-0.0018213883740827441,-0.013024639338254929,-2.087,-0.39453200421674095,-1.6924679957832591
1628269,Nia Coffey,1326,-0.0072900885716080666,0.0035921630915254354,0.0007149828015826643,-0.00640695309266448,-0.000938322045840323,-0.0008359234780073166,0.00018369103781878948,-0.0003548747336026281,-2.198,-1.551575324455561,-0.6464246755444389
203406,Layshia Clarendon,686,-0.0026065490674227476,0.0023952829651534557,0.006295934319496155,-0.0048502786085009575,-0.01024519931524992,-0.002807467943057418,0.0030786823481321335,-0.003030900377780199,-2.241,-1.8121927725063203,-0.42880722749367983
1641700,Liz Dixon,460,-0.004003879614174366,-0.00021732925961259753,-0.005587784573435783,-0.00497635081410408,-0.007292595226317644,-0.0018900687573477626,0.0010171340545639396,-0.0031027458608150482,-2.258,-1.9104516155645146,-0.3475483844354854
1629481,Arike Ogunbowale,2365,-0.005829904694110155,0.004901270382106304,0.0074596223421394825,-0.003555056406185031,-0.004532512277364731,-0.0011132655199617147,-0.004699175711721182,-0.006499591749161482,-2.265,-1.838571621443595,-0.42642837855640514
1628890,Diamond DeShields,910,-0.0035495462361723185,0.0012291232123970985,0.003922311123460531,0.005973184015601873,-0.005757522769272327,0.0008605536422692239,-0.005747100338339806,-0.00024625530932098627,-2.288,-1.4533276687480798,-0.83467233125192
1630115,Joyner Holmes,757,-0.008711268194019794,-0.002383219078183174,0.0038567453157156706,-0.006708951201289892,-0.010539409704506397,0.00011395432375138626,-0.002115195384249091,0.004651380702853203,-2.808,-2.5661706271589493,-0.24182937284105055
1641660,Zia Cooke,491,0.0006699394434690475,0.003807210363447666,0.0005285732331685722,-0.0036083091981709003,-0.008742794394493103,-0.0018456934485584497,-0.005706991534680128,-0.004708518739789724,-3.514,-1.8843936869927318,-1.629606313007268
